﻿INSERT INTO public.users (id, name, email) VALUES (1, 'Lisa.Koepp', 'Lisa19@yahoo.com');
INSERT INTO public.users (id, name, email) VALUES (2, 'Marco_Doyle66', 'Marco_Doyle@yahoo.com');
INSERT INTO public.users (id, name, email) VALUES (3, 'Tyler85', 'Tyler_Lowe83@yahoo.com');
INSERT INTO public.users (id, name, email) VALUES (4, 'Alyssa_Buckridge', 'Alyssa.Buckridge@gmail.com');
INSERT INTO public.users (id, name, email) VALUES (5, 'Tabitha27', 'Tabitha.Botsford81@gmail.com');

INSERT INTO public.items (id, name, description, currentvalue, closedateutc, userid, itemid) VALUES (6, 'Rustic Soft Bike', 'Boston''s most advanced compression wear technology increases muscle oxygenation, stabilizes active muscles', 168.74000, '2022-10-16 13:34:21.843709', 1, NULL);
INSERT INTO public.items (id, name, description, currentvalue, closedateutc, userid, itemid) VALUES (12, 'Licensed Concrete Hat', 'Boston''s most advanced compression wear technology increases muscle oxygenation, stabilizes active muscles', 975.45000, '2022-04-10 17:06:21.882846', 1, NULL);
INSERT INTO public.items (id, name, description, currentvalue, closedateutc, userid, itemid) VALUES (18, 'Practical Rubber Chair', 'Boston''s most advanced compression wear technology increases muscle oxygenation, stabilizes active muscles', 589.87000, '2022-03-15 03:49:09.405483', 2, NULL);
INSERT INTO public.items (id, name, description, currentvalue, closedateutc, userid, itemid) VALUES (24, 'Rustic Steel Fish', 'Andy shoes are designed to keeping in mind durability as well as trends, the most stylish range of shoes & sandals', 161.40000, '2021-12-11 12:50:35.023229', 2, NULL);
INSERT INTO public.items (id, name, description, currentvalue, closedateutc, userid, itemid) VALUES (30, 'Handmade Soft Bacon', 'The Football Is Good For Training And Recreational Purposes', 818.25000, '2022-01-21 10:37:09.616048', 3, NULL);
INSERT INTO public.items (id, name, description, currentvalue, closedateutc, userid, itemid) VALUES (36, 'Ergonomic Wooden Sausages', 'Boston''s most advanced compression wear technology increases muscle oxygenation, stabilizes active muscles', 260.54000, '2022-04-22 18:56:13.734402', 3, NULL);
INSERT INTO public.items (id, name, description, currentvalue, closedateutc, userid, itemid) VALUES (42, 'Intelligent Rubber Shirt', 'Carbonite web goalkeeper gloves are ergonomically designed to give easy fit', 936.74000, '2022-07-26 02:57:34.348728', 4, NULL);
INSERT INTO public.items (id, name, description, currentvalue, closedateutc, userid, itemid) VALUES (48, 'Sleek Concrete Sausages', 'The Football Is Good For Training And Recreational Purposes', 312.94000, '2021-12-25 12:47:14.94325', 4, NULL);
INSERT INTO public.items (id, name, description, currentvalue, closedateutc, userid, itemid) VALUES (54, 'Licensed Steel Car', 'Carbonite web goalkeeper gloves are ergonomically designed to give easy fit', 616.69000, '2022-06-26 16:23:12.775368', 5, NULL);
INSERT INTO public.items (id, name, description, currentvalue, closedateutc, userid, itemid) VALUES (60, 'Incredible Metal Bacon', 'Andy shoes are designed to keeping in mind durability as well as trends, the most stylish range of shoes & sandals', 399.34000, '2022-07-26 02:59:39.712789', 5, NULL);

INSERT INTO public.bets (id, betvalue, userid, itemid, created) VALUES (7, 175.52704, 1, 6, '2021-11-23 20:47:11.498981');
INSERT INTO public.bets (id, betvalue, userid, itemid, created) VALUES (8, 177.19213, 2, 6, '2021-11-23 20:47:11.500929');
INSERT INTO public.bets (id, betvalue, userid, itemid, created) VALUES (9, 170.02568, 3, 6, '2021-11-23 20:47:11.502782');
INSERT INTO public.bets (id, betvalue, userid, itemid, created) VALUES (10, 171.69474, 4, 6, '2021-11-23 20:47:11.504789');
INSERT INTO public.bets (id, betvalue, userid, itemid, created) VALUES (11, 178.65231, 5, 6, '2021-11-23 20:47:11.506837');
INSERT INTO public.bets (id, betvalue, userid, itemid, created) VALUES (13, 980.81166, 1, 12, '2021-11-23 20:47:11.522698');
INSERT INTO public.bets (id, betvalue, userid, itemid, created) VALUES (14, 984.35363, 2, 12, '2021-11-23 20:47:11.524532');
INSERT INTO public.bets (id, betvalue, userid, itemid, created) VALUES (15, 977.21715, 3, 12, '2021-11-23 20:47:11.526332');
INSERT INTO public.bets (id, betvalue, userid, itemid, created) VALUES (16, 980.03646, 4, 12, '2021-11-23 20:47:11.52812');
INSERT INTO public.bets (id, betvalue, userid, itemid, created) VALUES (17, 983.05481, 5, 12, '2021-11-23 20:47:11.529895');
INSERT INTO public.bets (id, betvalue, userid, itemid, created) VALUES (19, 594.76760, 1, 18, '2021-11-23 20:47:11.547889');
INSERT INTO public.bets (id, betvalue, userid, itemid, created) VALUES (20, 594.23546, 2, 18, '2021-11-23 20:47:11.549761');
INSERT INTO public.bets (id, betvalue, userid, itemid, created) VALUES (21, 593.39460, 3, 18, '2021-11-23 20:47:11.551889');
INSERT INTO public.bets (id, betvalue, userid, itemid, created) VALUES (22, 593.75953, 4, 18, '2021-11-23 20:47:11.559455');
INSERT INTO public.bets (id, betvalue, userid, itemid, created) VALUES (23, 590.97433, 5, 18, '2021-11-23 20:47:11.56126');
INSERT INTO public.bets (id, betvalue, userid, itemid, created) VALUES (25, 167.87859, 1, 24, '2021-11-23 20:47:11.573117');
INSERT INTO public.bets (id, betvalue, userid, itemid, created) VALUES (26, 163.54979, 2, 24, '2021-11-23 20:47:11.575056');
INSERT INTO public.bets (id, betvalue, userid, itemid, created) VALUES (27, 170.36861, 3, 24, '2021-11-23 20:47:11.577119');
INSERT INTO public.bets (id, betvalue, userid, itemid, created) VALUES (28, 166.19452, 4, 24, '2021-11-23 20:47:11.579003');
INSERT INTO public.bets (id, betvalue, userid, itemid, created) VALUES (29, 165.37550, 5, 24, '2021-11-23 20:47:11.580804');
INSERT INTO public.bets (id, betvalue, userid, itemid, created) VALUES (31, 822.10802, 1, 30, '2021-11-23 20:47:11.596321');
INSERT INTO public.bets (id, betvalue, userid, itemid, created) VALUES (32, 825.03864, 2, 30, '2021-11-23 20:47:11.598132');
INSERT INTO public.bets (id, betvalue, userid, itemid, created) VALUES (33, 825.59274, 3, 30, '2021-11-23 20:47:11.60009');
INSERT INTO public.bets (id, betvalue, userid, itemid, created) VALUES (34, 823.05748, 4, 30, '2021-11-23 20:47:11.60191');
INSERT INTO public.bets (id, betvalue, userid, itemid, created) VALUES (35, 822.00046, 5, 30, '2021-11-23 20:47:11.6037');
INSERT INTO public.bets (id, betvalue, userid, itemid, created) VALUES (37, 265.73602, 1, 36, '2021-11-23 20:47:11.615302');
INSERT INTO public.bets (id, betvalue, userid, itemid, created) VALUES (38, 262.11283, 2, 36, '2021-11-23 20:47:11.617112');
INSERT INTO public.bets (id, betvalue, userid, itemid, created) VALUES (39, 265.37905, 3, 36, '2021-11-23 20:47:11.618915');
INSERT INTO public.bets (id, betvalue, userid, itemid, created) VALUES (40, 269.92690, 4, 36, '2021-11-23 20:47:11.621072');
INSERT INTO public.bets (id, betvalue, userid, itemid, created) VALUES (41, 261.91578, 5, 36, '2021-11-23 20:47:11.623938');
INSERT INTO public.bets (id, betvalue, userid, itemid, created) VALUES (43, 945.52887, 1, 42, '2021-11-23 20:47:11.637627');
INSERT INTO public.bets (id, betvalue, userid, itemid, created) VALUES (44, 939.73930, 2, 42, '2021-11-23 20:47:11.639425');
INSERT INTO public.bets (id, betvalue, userid, itemid, created) VALUES (45, 945.95883, 3, 42, '2021-11-23 20:47:11.64123');
INSERT INTO public.bets (id, betvalue, userid, itemid, created) VALUES (46, 938.16622, 4, 42, '2021-11-23 20:47:11.643');
INSERT INTO public.bets (id, betvalue, userid, itemid, created) VALUES (47, 942.12159, 5, 42, '2021-11-23 20:47:11.64481');
INSERT INTO public.bets (id, betvalue, userid, itemid, created) VALUES (49, 322.71151, 1, 48, '2021-11-23 20:47:11.655678');
INSERT INTO public.bets (id, betvalue, userid, itemid, created) VALUES (50, 322.88483, 2, 48, '2021-11-23 20:47:11.658941');
INSERT INTO public.bets (id, betvalue, userid, itemid, created) VALUES (51, 319.39636, 3, 48, '2021-11-23 20:47:11.661008');
INSERT INTO public.bets (id, betvalue, userid, itemid, created) VALUES (52, 322.88018, 4, 48, '2021-11-23 20:47:11.662803');
INSERT INTO public.bets (id, betvalue, userid, itemid, created) VALUES (53, 318.31275, 5, 48, '2021-11-23 20:47:11.66458');
INSERT INTO public.bets (id, betvalue, userid, itemid, created) VALUES (55, 622.73714, 1, 54, '2021-11-23 20:47:11.679052');
INSERT INTO public.bets (id, betvalue, userid, itemid, created) VALUES (56, 619.82353, 2, 54, '2021-11-23 20:47:11.681153');
INSERT INTO public.bets (id, betvalue, userid, itemid, created) VALUES (57, 619.01440, 3, 54, '2021-11-23 20:47:11.683156');
INSERT INTO public.bets (id, betvalue, userid, itemid, created) VALUES (58, 619.13239, 4, 54, '2021-11-23 20:47:11.684916');
INSERT INTO public.bets (id, betvalue, userid, itemid, created) VALUES (59, 619.70422, 5, 54, '2021-11-23 20:47:11.687583');
INSERT INTO public.bets (id, betvalue, userid, itemid, created) VALUES (61, 404.13573, 1, 60, '2021-11-23 20:47:11.708544');
INSERT INTO public.bets (id, betvalue, userid, itemid, created) VALUES (62, 406.25891, 2, 60, '2021-11-23 20:47:11.709963');
INSERT INTO public.bets (id, betvalue, userid, itemid, created) VALUES (63, 406.37780, 3, 60, '2021-11-23 20:47:11.711382');
INSERT INTO public.bets (id, betvalue, userid, itemid, created) VALUES (64, 406.79496, 4, 60, '2021-11-23 20:47:11.712938');
INSERT INTO public.bets (id, betvalue, userid, itemid, created) VALUES (65, 407.06035, 5, 60, '2021-11-23 20:47:11.714571');